appid,title,status,tags,image
1245620,"ELDEN RING",Finished,Action;RPG,https://shared.akamai.steamstatic.com/store_item_assets/steam/apps/1245620/header.jpg?t=1748630546
2622380,"ELDEN RING NIGHTREIGN",Pipeline,Action;RPG,https://shared.akamai.steamstatic.com/store_item_assets/steam/apps/2622380/header.jpg?t=1753977256
367520,"Hollow Knight",Active,Action;Adventure;Indie,https://shared.akamai.steamstatic.com/store_item_assets/steam/apps/367520/header.jpg?t=1695270428
1349060,"It Steals",Pipeline,Action;Indie,https://shared.akamai.steamstatic.com/store_item_assets/steam/apps/1349060/header.jpg?t=1667091081
1229490,"ULTRAKILL",Pipeline,Action;Indie;Early Access,https://shared.akamai.steamstatic.com/store_item_assets/steam/apps/1229490/header.jpg?t=1740623813
1717770,"The Upturned",Pipeline,Action;Adventure;Indie,https://shared.akamai.steamstatic.com/store_item_assets/steam/apps/1717770/header.jpg?t=1654213919
1281930,"tModLoader",Pipeline,Action;Adventure;Indie;RPG;Free To Play,https://shared.akamai.steamstatic.com/store_item_assets/steam/apps/1281930/header.jpg?t=1718143594
397950,"Clustertruck",Pipeline,Action;Indie,https://shared.akamai.steamstatic.com/store_item_assets/steam/apps/397950/header.jpg?t=1752510453
1708150,"Juice Galaxy",Pipeline,Indie;RPG;Early Access,https://shared.akamai.steamstatic.com/store_item_assets/steam/apps/1708150/header.jpg?t=1740111871
400,"Portal",Pipeline,Action,https://shared.akamai.steamstatic.com/store_item_assets/steam/apps/400/header.jpg?t=1745368554
620,"Portal 2",Pipeline,Action;Adventure,https://shared.akamai.steamstatic.com/store_item_assets/steam/apps/620/header.jpg?t=1745363004
648800,"Raft",Pipeline,Adventure;Indie;Simulation,https://shared.akamai.steamstatic.com/store_item_assets/steam/apps/648800/header.jpg?t=1727184011
22230,"Rock of Ages",Pipeline,Action;Indie;Racing;Strategy,https://shared.akamai.steamstatic.com/store_item_assets/steam/apps/22230/header.jpg?t=1667563022
326460,"ShellShock Live",Pipeline,Action;Casual;Indie;Massively Multiplayer;Strategy,https://shared.akamai.steamstatic.com/store_item_assets/steam/apps/326460/header.jpg?t=1683306935
1167630,"Teardown",Pipeline,Action;Indie;Simulation;Strategy,https://shared.akamai.steamstatic.com/store_item_assets/steam/apps/1167630/header.jpg?t=1751447285
0000000,"The Legend of Zelda: The Wind Waker HD",Pipeline,Nintendo,https://www.nintendo.com/eu/media/images/10_share_images/games_15/gamecube_12/SI_GCN_TheLegendOfZeldaTheWindWaker.jpg
0000000,"Super Mario Galaxy",Pipeline,Nintendo,https://i.pinimg.com/736x/2a/d2/a0/2ad2a0ffe7e86c7e0a27354cceee8bf8.jpg
0000000,"Super Mario Galaxy 2",Pipeline,Nintendo,https://www.nintendo.com/eu/media/images/10_share_images/games_15/wii_24/SI_Wii_SuperMarioGalaxy2.png
0000000,"Super Mario Galaxy 2: Cosmos Collapse",Pipeline,Nintendo,https://i.ytimg.com/vi/nsOXHd8l45s/maxresdefault.jpg
0000000,"Super Mario Sunshine",Pipeline,Nintendo,https://www.nintendo.com/eu/media/images/10_share_images/games_15/gamecube_12/SI_GCN_SuperMarioSunshine_image1600w.jpg
0000000,"The Legend of Zelda: Twilight Princess HD",Pipeline,Nintendo,https://encrypted-tbn0.gstatic.com/images?q=tbn:ANd9GcQaX3MgFtiwWfGISyJG90MRoq-ZWJSBIW3gKw&s
0000000,"SUPER MARIO 3D WORLD",Pipeline,Nintendo,https://tcrf.net/images/thumb/8/8c/Super_Mario_3D_World-title.png/320px-Super_Mario_3D_World-title.png
0000000,"POK√âMON TEKKEN",Pipeline,Nintendo,https://www.nintendo.com/eu/media/images/10_share_images/games_15/wiiu_14/SI_WiiU_PokkenTournament_deDE.jpg
0000000,"PAPER MARIO Color Splash",Pipeline,Nintendo,https://assets.altarofgaming.com/wp-content/uploads/2023/03/paper-mario-color-splash-game-cover-altar-of-gaming.jpg
0000000,"New SUPER MARIO BROS U.",Pipeline,Nintendo,https://www.cubed3.com/wp-content/uploads/2025/03/new-super-mario-bros-u-deluxe-nintendo-switch-art-banner.jpg
0000000,"Luigi's Mansion",Pipeline,Nintendo,https://www.nintendo.com/eu/media/images/10_share_images/games_15/nintendo_3ds_25/H2x1_3DS_LuigisMansion_image1280w.jpg
0000000,"Luigi's Mansion: Dark Moon",Pipeline,Nintendo,https://www.nintendo.com/eu/media/images/10_share_images/games_15/nintendo_3ds_25/H2x1_3DS_LuigisMansion2.jpg
0000000,"Mario & Luigi - Bowser's Inside Story",Pipeline,Nintendo,https://www.nintendo.com/eu/media/images/10_share_images/games_15/nintendo_ds_22/SI_NDS_MarioAndLuigiBowsersInsideStory_enGB.jpg
0000000,"Mario & Luigi - Dream Team Bros",Pipeline,Nintendo,https://www.nintendo.com/eu/media/images/10_share_images/games_15/nintendo_3ds_25/H2x1_3DS_MarioAndLuigiDreamTeamBros.jpg
3541160,"Jitter Games",Pipeline,Casual;Massively Multiplayer;Free To Play;Early Access,https://shared.akamai.steamstatic.com/store_item_assets/steam/apps/3541160/header.jpg?t=1756802708
3410310,"Make Good Choices",Pipeline,Casual;Indie,https://shared.akamai.steamstatic.com/store_item_assets/steam/apps/3410310/header.jpg?t=1737678394
1445790,"Make Way",Pipeline,Action;Casual;Indie;Racing,https://shared.akamai.steamstatic.com/store_item_assets/steam/apps/1445790/header.jpg?t=1754475272
0000000,"A Stereotypical Obby",Pipeline,Roblox,https://tr.rbxcdn.com/180DAY-dfba1c5e2d09a538144fdbb612c67d94/768/432/Image/Webp/noFilter
0000000,"I Wanna Test The Game",Pipeline,Roblox,https://tr.rbxcdn.com/180DAY-0d09e9a6198fb191216e0b91d68c94e1/768/432/Image/Webp/noFilter
1703340,"The Stanley Parable: Ultra Deluxe",Pipeline,Adventure;Casual;Indie,https://shared.akamai.steamstatic.com/store_item_assets/steam/apps/1703340/header.jpg?t=1712065263
0000000,"Minecraft Story Mode",Pipeline,Telltale,https://occ-0-8407-116.1.nflxso.net/dnm/api/v6/6AYY37jfdO6hpXcMjf9Yu5cnmO0/AAAABUWZDBahxFhfDdfPrpzAtPHWp0Pzij5BDYrODvn7gFBF1FmkIHyS9kVGWzo2AuleEKmtj35nYMo2RjKGtd-nwlVLA5YtuPuYwXtC.jpg?r=378
0000000,"Voices of the Void",Pipeline,Indie,https://i.ytimg.com/vi/3B-hxXhd9xk/hq720.jpg?sqp=-oaymwEhCK4FEIIDSFryq4qpAxMIARUAAAAAGAElAADIQj0AgKJD&rs=AOn4CLBzcPHMtYEcYEniP0H9isbPGDkiIg
1721470,"Poppy Playtime",Pipeline,Action;Adventure;Indie,https://shared.akamai.steamstatic.com/store_item_assets/steam/apps/1721470/header.jpg?t=1755873139
6666666,"B3313",Pipeline,666,https://i.ytimg.com/vi/sJYJKHYCZIY/maxresdefault.jpg
1030300,"Hollow Knight: Silksong",Pipeline,Action;Adventure;Indie,https://shared.akamai.steamstatic.com/store_item_assets/steam/apps/1030300/7983574d464e6559ac7e24275727f73a8bcca1f3/header.jpg?t=1756279645
1962700,"Subnautica 2",Pipeline,Action;Adventure;Early Access,https://shared.akamai.steamstatic.com/store_item_assets/steam/apps/1962700/header.jpg?t=1756333300
1671210,"DELTARUNE",Pipeline,Indie;RPG,https://shared.akamai.steamstatic.com/store_item_assets/steam/apps/1671210/7ccda5b1631d2e60cc756a3271e845dbb9168821/header.jpg?t=1749252480
477160,"Human Fall Flat",Pipeline,Adventure;Casual;Indie;Simulation,https://shared.akamai.steamstatic.com/store_item_assets/steam/apps/477160/082b18310b864a087afcb36c263d6c1f94abd8c0/header_alt_assets_25.jpg?t=1753981040
2708450,"Oh Deer",Pipeline,Action;Casual;Indie,https://shared.akamai.steamstatic.com/store_item_assets/steam/apps/2708450/c110a0154e044bed656611b8e6fe8aa888010abe/header.jpg?t=1742266552
570940,"DARK SOULS‚Ñ¢: REMASTERED",Pipeline,Action,https://shared.akamai.steamstatic.com/store_item_assets/steam/apps/570940/header.jpg?t=1726158603
335300,"DARK SOULS‚Ñ¢ II: Scholar of the First Sin",Pipeline,Action;RPG,https://shared.akamai.steamstatic.com/store_item_assets/steam/apps/335300/header.jpg?t=1721683416
374320,"DARK SOULS‚Ñ¢ III",Pipeline,Action,https://shared.akamai.steamstatic.com/store_item_assets/steam/apps/374320/header.jpg?t=1748630784
2215430,"Ghost of Tsushima DIRECTOR'S CUT",Pipeline,Action;Adventure,https://shared.akamai.steamstatic.com/store_item_assets/steam/apps/2215430/header.jpg?t=1750948552
1627720,"Lies of P",Pipeline,Action;Adventure;RPG,https://shared.akamai.steamstatic.com/store_item_assets/steam/apps/1627720/header.jpg?t=1754552654
814380,"Sekiro‚Ñ¢: Shadows Die Twice - GOTY Edition",Pipeline,Action;Adventure,https://shared.akamai.steamstatic.com/store_item_assets/steam/apps/814380/header.jpg?t=1754933982
1137460,"ALTF4",Pipeline,Action;Adventure;Indie,https://shared.akamai.steamstatic.com/store_item_assets/steam/apps/1137460/header.jpg?t=1739423146
1607680,"Bread & Fred",Pipeline,Action;Adventure;Casual;Indie,https://shared.akamai.steamstatic.com/store_item_assets/steam/apps/1607680/header.jpg?t=1752169833
2706170,"Get To Work",Pipeline,Action;Adventure;Racing,https://shared.akamai.steamstatic.com/store_item_assets/steam/apps/2706170/header.jpg?t=1735594455
720250,"Welcome to the Game II",Pipeline,Indie;Simulation;Strategy,https://shared.akamai.steamstatic.com/store_item_assets/steam/apps/720250/header.jpg?t=1596752454
2599300,"Dead Signal",Pipeline,Simulation,https://shared.akamai.steamstatic.com/store_item_assets/steam/apps/2599300/header.jpg?t=1726924697
2132430,"XXX_CYBERRAT_XXX",Pipeline,Indie;Simulation;Strategy,https://shared.akamai.steamstatic.com/store_item_assets/steam/apps/2132430/header.jpg?t=1729191449
2430900,"Among Ashes",Pipeline,Action;Adventure;Indie,https://shared.akamai.steamstatic.com/store_item_assets/steam/apps/2430900/header.jpg?t=1753432351
2763670,"Arctic Eggs",Pipeline,Adventure;Indie;Simulation,https://shared.akamai.steamstatic.com/store_item_assets/steam/apps/2763670/header.jpg?t=1751896964
2822980,"ARSONATE",Pipeline,Action;Strategy,https://shared.akamai.steamstatic.com/store_item_assets/steam/apps/2822980/header.jpg?t=1753320416
2835570,"Buckshot Roulette",Pipeline,Action;Indie;Simulation,https://shared.akamai.steamstatic.com/store_item_assets/steam/apps/2835570/header.jpg?t=1754508318
2933290,"[Nightmare Files] Clap Clap",Pipeline,Adventure;Indie;Free To Play,https://shared.akamai.steamstatic.com/store_item_assets/steam/apps/2933290/header.jpg?t=1735776428
3011440,"CLICKOLDING",Pipeline,Indie,https://shared.akamai.steamstatic.com/store_item_assets/steam/apps/3011440/header.jpg?t=1752670815
2948790,"CROWDED. FOLLOWED.",Pipeline,Adventure;Indie;Strategy,https://shared.akamai.steamstatic.com/store_item_assets/steam/apps/2948790/header.jpg?t=1729785196
1627350,"DEAD LETTER DEPT.",Pipeline,Indie,https://shared.akamai.steamstatic.com/store_item_assets/steam/apps/1627350/59b1723f905e22cb9b9fa1f800d1ae3569c92607/header.jpg?t=1750961129
2357910,"Home Safety Hotline",Pipeline,Casual;Indie;Simulation,https://shared.akamai.steamstatic.com/store_item_assets/steam/apps/2357910/header.jpg?t=1745877171
1671340,"Fears to Fathom - Home Alone",Pipeline,Adventure;Casual;Indie;Free To Play,https://shared.akamai.steamstatic.com/store_item_assets/steam/apps/1671340/header.jpg?t=1726758405
1763050,"Fears to Fathom - Norwood Hitchhike",Pipeline,Adventure;Casual;Indie,https://shared.akamai.steamstatic.com/store_item_assets/steam/apps/1763050/header.jpg?t=1726758353
2120900,"Fears to Fathom - Carson House",Pipeline,Adventure;Casual;Indie,https://shared.akamai.steamstatic.com/store_item_assets/steam/apps/2120900/header.jpg?t=1726758270
2506160,"Fears to Fathom - Ironbark Lookout",Pipeline,Adventure;Casual;Indie,https://shared.akamai.steamstatic.com/store_item_assets/steam/apps/2506160/header.jpg?t=1726758180
2961530,"Fears to Fathom - Woodbury Getaway",Pipeline,Adventure;Casual;Indie,https://shared.akamai.steamstatic.com/store_item_assets/steam/apps/2961530/header.jpg?t=1726757992
2824230,"last seen online",Pipeline,Indie;Simulation;Free To Play,https://shared.akamai.steamstatic.com/store_item_assets/steam/apps/2824230/header.jpg?t=1742546119
2166060,"Amanda the Adventurer",Pipeline,Indie,https://shared.akamai.steamstatic.com/store_item_assets/steam/apps/2166060/header.jpg?t=1730134058
2826800,"Amanda the Adventurer 2",Pipeline,Adventure;Indie,https://shared.akamai.steamstatic.com/store_item_assets/steam/apps/2826800/header.jpg?t=1741375003
3657210,"Amanda the Adventurer 3",Pipeline,Adventure;Indie,https://shared.akamai.steamstatic.com/store_item_assets/steam/apps/3657210/4906f79a382770ada1011b3acce752f050907561/header.jpg?t=1750355958
2099110,"The Classrooms",Pipeline,Action;Early Access,https://shared.akamai.steamstatic.com/store_item_assets/steam/apps/2099110/5f55df1a6b65efd8c25897759bfb9d2aa4c2deb7/header.jpg?t=1756059124
3107900,"Liminalcore",Pipeline,Adventure;Indie,https://shared.akamai.steamstatic.com/store_item_assets/steam/apps/3107900/header.jpg?t=1740743700
2300840,"Subliminal",Pipeline,Adventure;Indie;RPG;Simulation;Strategy,https://shared.akamai.steamstatic.com/store_item_assets/steam/apps/2300840/header.jpg?t=1749048235
1670870,"MADiSON",Pipeline,Action;Adventure;Indie;Simulation,https://shared.akamai.steamstatic.com/store_item_assets/steam/apps/1670870/header.jpg?t=1686276552
2475490,"Mouthwashing",Pipeline,Adventure;Indie,https://shared.akamai.steamstatic.com/store_item_assets/steam/apps/2475490/header.jpg?t=1754505528
3288180,"Tales Beyond The Tomb - Pineville Night Stalker",Pipeline,Action;Adventure;Casual;Indie;Simulation;Free To Play,https://shared.akamai.steamstatic.com/store_item_assets/steam/apps/3288180/8d2bcf931e6a40601457823646973cc49ca581e0/header.jpg?t=1753938245
3374720,"Tales Beyond The Tomb - The Farm's Secret",Pipeline,Action;Adventure;Casual;Indie;Simulation,https://shared.akamai.steamstatic.com/store_item_assets/steam/apps/3374720/02aaf99971e46f71bc626256d66247fca9d6895d/header.jpg?t=1753938035
3416690,"Tales Beyond The Tomb - The Last Vigil",Pipeline,Action;Adventure;Indie;Simulation,https://shared.akamai.steamstatic.com/store_item_assets/steam/apps/3416690/733591c908bc99d670916193fd73dadd8d8d4d4f/header.jpg?t=1753938190
3655960,"Tales Beyond The Tomb - White Silence",Pipeline,Action;Adventure;Casual;Indie;Simulation,https://shared.akamai.steamstatic.com/store_item_assets/steam/apps/3655960/756d96bac5c2b9fd636ae6911d993f00c9a62fb8/header.jpg?t=1753938325
3860920,"Tales Beyond The Tomb - Route 86",Pipeline,Action;Adventure;Indie;Simulation,https://shared.akamai.steamstatic.com/store_item_assets/steam/apps/3860920/959a4856ab593b64e14a90c0d55acadded1c3cd7/header.jpg?t=1756194604
2427950,"Decimate Drive",Pipeline,Action;Indie,https://shared.akamai.steamstatic.com/store_item_assets/steam/apps/2427950/header.jpg?t=1728665150
2453060,"Dreamcore",Pipeline,Adventure;Indie,https://shared.akamai.steamstatic.com/store_item_assets/steam/apps/2453060/34eb7d1855bce2ee52c6b872ab8923c8372240c7/header.jpg?t=1752517041
2518900,"Manny's",Pipeline,Adventure;Casual;Indie,https://shared.akamai.steamstatic.com/store_item_assets/steam/apps/2518900/header.jpg?t=1705205380
1281270,"Fatum Betula",Pipeline,Adventure;Casual;Indie,https://shared.akamai.steamstatic.com/store_item_assets/steam/apps/1281270/header.jpg?t=1745513140
2302470,"Full Fathom",Pipeline,Action;Adventure;Indie,https://shared.akamai.steamstatic.com/store_item_assets/steam/apps/2302470/header.jpg?t=1733173914
3344150,"Gift Collector [„ÇÆ„Éï„Éà„Ç≥„É¨„ÇØ„Çø„Éº]",Pipeline,Indie,https://shared.akamai.steamstatic.com/store_item_assets/steam/apps/3344150/header.jpg?t=1734329357
1939100,"Go Home Annie",Pipeline,Action;Adventure;Indie,https://shared.akamai.steamstatic.com/store_item_assets/steam/apps/1939100/header.jpg?t=1752049791
2720950,"Grunn",Pipeline,Adventure;Indie;Simulation,https://shared.akamai.steamstatic.com/store_item_assets/steam/apps/2720950/header.jpg?t=1749654083
3292480,"Ignited Entry",Pipeline,Adventure;Casual;Indie;Strategy;Free To Play,https://shared.akamai.steamstatic.com/store_item_assets/steam/apps/3292480/header.jpg?t=1731326605
1699480,"KLETKA",Pipeline,Action;Adventure;Indie;Early Access,https://shared.akamai.steamstatic.com/store_item_assets/steam/apps/1699480/eecf0313a98c6494adc1c071dc2d386e1576216c/header.jpg?t=1753556129
3282700,"LIMINAL SHIFT",Pipeline,Adventure;Casual;Indie;Simulation,https://shared.akamai.steamstatic.com/store_item_assets/steam/apps/3282700/header.jpg?t=1752415977
2831060,"Moving Houses",Pipeline,Casual;Indie;Simulation,https://shared.akamai.steamstatic.com/store_item_assets/steam/apps/2831060/header.jpg?t=1745493412
1093840,"NiGHT SIGNAL",Pipeline,Indie;Simulation,https://shared.akamai.steamstatic.com/store_item_assets/steam/apps/1093840/header.jpg?t=1702506979
2889460,"Route8",Pipeline,Indie;Simulation,https://shared.akamai.steamstatic.com/store_item_assets/steam/apps/2889460/header.jpg?t=1712192492
475190,"Scanner Sombre",Pipeline,Adventure;Indie,https://shared.akamai.steamstatic.com/store_item_assets/steam/apps/475190/header.jpg?t=1739424284
2829450,"The motel",Pipeline,Adventure;Indie,https://shared.akamai.steamstatic.com/store_item_assets/steam/apps/2829450/header.jpg?t=1750610670
2686110,"UNHEIM",Pipeline,Casual;Indie;Early Access,https://shared.akamai.steamstatic.com/store_item_assets/steam/apps/2686110/header.jpg?t=1752580840
2433730,"Unsorted Horror",Pipeline,Simulation,https://shared.akamai.steamstatic.com/store_item_assets/steam/apps/2433730/header.jpg?t=1710285432
1559720,"We Harvest Shadows",Pipeline,Adventure;Simulation,https://shared.akamai.steamstatic.com/store_item_assets/steam/apps/1559720/header.jpg?t=1741805295
2213120,"While We Wait Here",Pipeline,Adventure;Casual;Simulation,https://shared.akamai.steamstatic.com/store_item_assets/steam/apps/2213120/header.jpg?t=1750405201
3399670,"Writer. Chapter 1",Pipeline,Adventure;Indie;Simulation,https://shared.akamai.steamstatic.com/store_item_assets/steam/apps/3399670/header.jpg?t=1742284028
2793370,"[Chilla's Art] Shinkansen 0 | Êñ∞ÂππÁ∑ö 0Âè∑",Pipeline,Indie,https://shared.akamai.steamstatic.com/store_item_assets/steam/apps/2793370/header.jpg?t=1712378962
1843090,"[Chilla's Art] The Closing Shift | ÈñâÂ∫ó‰∫ã‰ª∂",Pipeline,Action;Adventure;Casual;Indie;Simulation;Strategy,https://shared.akamai.steamstatic.com/store_item_assets/steam/apps/1843090/header.jpg?t=1667383861
2989950,"The Bathhouse | Âú∞ÁçÑÈä≠ÊπØ Restored Edition",Pipeline,Indie,https://shared.akamai.steamstatic.com/store_item_assets/steam/apps/2989950/header.jpg?t=1725097542
2314720,"[Chilla's Art] Parasocial | „Éë„É©„ÇΩ„Éº„Ç∑„É£„É´",Pipeline,Indie,https://shared.akamai.steamstatic.com/store_item_assets/steam/apps/2314720/header.jpg?t=1696963440
2367230,"[Chilla's Art] Night Security | Â§úÈñìË≠¶ÂÇô",Pipeline,Indie,https://shared.akamai.steamstatic.com/store_item_assets/steam/apps/2367230/header.jpg?t=1687580673
3334550,"Cursed Digicam | Âë™„Çè„Çå„Åü„Éá„Ç∏„Ç´„É°",Pipeline,Indie,https://shared.akamai.steamstatic.com/store_item_assets/steam/apps/3334550/header.jpg?t=1736470827
2593900,"[Chilla's Art] The Kidnap | Ë™òÊãê‰∫ã‰ª∂",Pipeline,Indie,https://shared.akamai.steamstatic.com/store_item_assets/steam/apps/2593900/header.jpg?t=1698800412
2200190,"[Chilla's Art] The Karaoke | „Éí„Éà„Ç´„É©üé§",Pipeline,Adventure;Indie,https://shared.akamai.steamstatic.com/store_item_assets/steam/apps/2200190/header.jpg?t=1676274987
1162680,"[Chilla's Art] Stigmatized Property | ‰∫ãÊïÖÁâ©‰ª∂",Pipeline,Action;Adventure;Casual;Indie;Simulation;Strategy,https://shared.akamai.steamstatic.com/store_item_assets/steam/apps/1162680/header.jpg?t=1662352100
2716110,"[Chilla's Art] Jisatsu | Ëá™ÊíÆ",Pipeline,Indie,https://shared.akamai.steamstatic.com/store_item_assets/steam/apps/2716110/header.jpg?t=1708152942
1147960,"[Chilla's Art] Okaeri | „Åä„Åã„Åà„Çä",Pipeline,Action;Adventure;Casual;Indie;Simulation,https://shared.akamai.steamstatic.com/store_item_assets/steam/apps/1147960/header.jpg?t=1662351711
1130620,"[Chilla's Art] Aka Manto | Ëµ§„Éû„É≥„Éà",Pipeline,Action;Adventure;Casual;Indie;Simulation;Strategy,https://shared.akamai.steamstatic.com/store_item_assets/steam/apps/1130620/header.jpg?t=1662351638
1400290,"[Chilla's Art] Hanako | Ëä±Â≠ê„Åï„Çì",Pipeline,Action;Adventure;Casual;Indie;Simulation;Strategy,https://shared.akamai.steamstatic.com/store_item_assets/steam/apps/1400290/header.jpg?t=1662351812
1185160,"[Chilla's Art] Inunaki Tunnel | Áä¨È≥¥„Éà„É≥„Éç„É´",Pipeline,Action;Adventure;Casual;Indie;Simulation;Strategy,https://shared.akamai.steamstatic.com/store_item_assets/steam/apps/1185160/header.jpg?t=1662351834
1306620,"[Chilla's Art] Missing Children | Ë°åÊñπ‰∏çÊòé",Pipeline,Action;Adventure;Casual;Indie;Simulation;Strategy,https://shared.akamai.steamstatic.com/store_item_assets/steam/apps/1306620/header.jpg?t=1657960435
1611490,"[Chilla's Art] Night Delivery | ‰æãÂ§ñÈÖçÈÅî",Pipeline,Adventure;Casual;Indie,https://shared.akamai.steamstatic.com/store_item_assets/steam/apps/1611490/header.jpg?t=1662351673
1191070,"[Chilla's Art] Yuki Onna | Èõ™Â•≥",Pipeline,Action;Adventure;Indie;Strategy,https://shared.akamai.steamstatic.com/store_item_assets/steam/apps/1191070/header.jpg?t=1662351930
1744910,"[Chilla's Art] The Radio Station | Ê∑±Â§úÊîæÈÄÅ",Pipeline,Adventure;Casual;Indie;Simulation,https://shared.akamai.steamstatic.com/store_item_assets/steam/apps/1744910/header.jpg?t=1662351980
1671550,"[Chilla's Art] The Night Way Home | Â∏∞„ÇäÈÅì",Pipeline,Action;Adventure;Casual;Indie;Simulation;Strategy,https://shared.akamai.steamstatic.com/store_item_assets/steam/apps/1671550/header.jpg?t=1662351785
1267310,"[Chilla's Art] Onryo | ÊÄ®Èúä",Pipeline,Action;Adventure;Casual;Indie;Simulation,https://shared.akamai.steamstatic.com/store_item_assets/steam/apps/1267310/header.jpg?t=1662352138
1503670,"[Chilla's Art] The Caregiver | ÁµÇÁÑâ‰ªãË≠∑",Pipeline,Action;Adventure;Casual;Indie;Simulation;Strategy,https://shared.akamai.steamstatic.com/store_item_assets/steam/apps/1503670/header.jpg?t=1662352069
1228520,"[Chilla's Art] The Convenience Store | Â§úÂã§‰∫ã‰ª∂",Pipeline,Action;Adventure;Casual;Indie;Simulation,https://shared.akamai.steamstatic.com/store_item_assets/steam/apps/1228520/header.jpg?t=1662351577
1349960,"[Chilla's Art] The Ghost Train | ÂπΩÈúäÂàóËªä",Pipeline,Action;Adventure;Casual;Indie;Simulation,https://shared.akamai.steamstatic.com/store_item_assets/steam/apps/1349960/header.jpg?t=1662352030
3684610,"s.p.l.i.t",Pipeline,Action;Indie;Simulation,https://shared.akamai.steamstatic.com/store_item_assets/steam/apps/3684610/de20788818b3e8aeef11cbf1cc3e05229e78ceff/header.jpg?t=1753881265
2328450,"Fear The Unknown - Dave Story",Pipeline,Adventure;Indie;Simulation;Free To Play,https://shared.akamai.steamstatic.com/store_item_assets/steam/apps/2328450/header.jpg?t=1750946959
0000000,"Prominence II",Pipeline,Minecraft,https://i.ytimg.com/vi/4uPmfzcIPQY/hq720.jpg?sqp=-oaymwEhCK4FEIIDSFryq4qpAxMIARUAAAAAGAElAADIQj0AgKJD&rs=AOn4CLCya7D6Ui930Mrbc3yLFTlCq8EY0A
0000000,"New Super Mario Bros. Wii",Pipeline,Nintendo,https://i.ytimg.com/vi/8bUII67XPRw/maxresdefault.jpg
0000000,"The Legend of Zelda: Majora's Mask",Pipeline,Nintendo,https://www.nintendo.com/eu/media/images/10_share_images/games_15/nintendo_3ds_25/SI_3DS_TheLegendOfZeldaMajorasMask3D.png
0000000,"The Legend of Zelda: Ocarina of Time",Pipeline,Nintendo,https://i.ytimg.com/vi/7MAGcH_5Q00/hq720.jpg?sqp=-oaymwE7CK4FEIIDSFryq4qpAy0IARUAAAAAGAElAADIQj0AgKJD8AEB-AH-CYAC0AWKAgwIABABGCsgcigRMA8=&rs=AOn4CLD4-MWKmCL1KdtyMEqSbrkGc8pklw
0000000,"Donkey Kong Country Tropical Freeze",Pipeline,Nintendo,https://pbs.twimg.com/media/GGOTkqZWwAARJmx.jpg
0000000,"Kirby Triple Deluxe",Pipeline,Nintendo,https://www.nintendo.com/eu/media/images/10_share_images/games_15/nintendo_3ds_25/H2x1_3DS_KirbyTripleDeluxe.jpg
0000000,"Kirby's Return to Dreamland",Pipeline,Nintendo,https://www.nintendo.com/eu/media/images/10_share_images/games_15/nintendo_switch_4/2x1_NSwitch_KirbysReturnToDreamLandDeluxe_image1600w.jpg
0000000,"Captive",Pipeline,Minecraft,https://images.squarespace-cdn.com/content/v1/51e7481ae4b0a6a184289c82/1482904261146-NNETS9WWCL5DWOYK0GZT/image-asset.png
0000000,"Diversity",Pipeline,Minecraft,https://media.forgecdn.net/attachments/6/234/1280x720_logo.jpg
0000000,"LEGO Harry Potter",Pipeline,Nintendo,https://assets.isthereanydeal.com/018d937e-feb9-70ab-a061-bed6fc586dc2/banner600.jpg?t=1732818935
0000000,"LEGO Batman",Pipeline,Nintendo,https://lifeinbrick.com/wp-content/uploads/2020/09/lb1page.jpg
0000000,"Super Mario 3D Land",Pipeline,Nintendo,https://m.media-amazon.com/images/I/7151IQ8l6UL.jpg
391540,"Undertale",Pipeline,Indie;RPG,https://shared.akamai.steamstatic.com/store_item_assets/steam/apps/391540/header.jpg?t=1579096091
000000,"Beyond Depth",Pipeline,Minecraft,https://media.forgecdn.net/attachments/description/1134605/description_7ba925b7-afd7-4285-a29b-d96d280cad46.png
000000,"Abyssal Ascent",Pipeline,Minecraft,https://media.forgecdn.net/attachments/description/null/description_8bff1364-9635-44b2-a6da-c178b89d92cf.png
000000,"Liminal Industries,Pipeline,Minecraft,https://media.forgecdn.net/attachments/description/1276799/description_3d7a6cdd-d2b3-4618-8a34-1d39700630a0.png
000000,"Beyond Cosmo",Pipeline,Minecraft,https://media.forgecdn.net/attachments/description/1223874/description_047af5b0-65f5-425e-88ee-520f25dfdb6a.png
000000,"Beyond Ascension",Pipeline,Minecraft,https://media.forgecdn.net/attachments/description/1203629/description_4cef7671-fc4a-49c6-a2d2-79d05fc628ce.png
000000,"Roller Skate OBBY",Pipeline,Roblox,https://tr.rbxcdn.com/180DAY-429e8d3bab6917e0b195b8292a310dde/768/432/Image/Webp/noFilter
000000,"you don't want to see me angry",Pipeline,Roblox,https://tr.rbxcdn.com/180DAY-914fb8dea2f4f688ebc1686012a399c4/768/432/Image/Webp/noFilter
000000,"you don't want to see me rage",Pipeline,Roblox,https://tr.rbxcdn.com/180DAY-6ae9641ea11324943561cb0494574c53/768/432/Image/Webp/noFilter
000000,"you don't wanna see me infuriated",Pipeline,Roblox,https://tr.rbxcdn.com/180DAY-6e460fc5ce70036da5474788bd75e9e1/768/432/Image/Webp/noFilter
000000,"you dont want to see me mad",Pipeline,Roblox,https://tr.rbxcdn.com/180DAY-e4c78d5cc5f0e8bd63234ce56bd0c506/768/432/Image/Webp/noFilter
000000,"Hang Tight",Pipeline,Roblox,https://tr.rbxcdn.com/180DAY-95f9f3ba00a278e51910e6398be1d011/768/432/Image/Webp/noFilter
000000,"I'm Not a Robot",Pipeline,Web,https://neal.fun/link-images/not-a-robot.svg
000000,"The Password Game",Pipeline,Web,https://neal.fun/link-images/password-game.svg
000000,"Infinite Craft",Pipeline,Web,https://neal.fun/link-images/infinite-craft.svg
000000,"Stimulation Clicker",Pipeline,Web,https://neal.fun/link-images/stimulation-clicker.svg